Date,Description,Time,Rating,
2/6/2026,"Connected, Long",10:00 PM,4,
2/7/2026,,,Nothing,
2/8/2026,"Connected, Long",2:00 PM,4,
2/9/2026,"Long, Satisfying",1:30 PM,5,
2/10/2026,"In half, Satisfying",10:30 AM,4,
2/11/2026,Satisfying,4:15 PM,5,
2/11/2026,Satisfying,6:15 PM,3,
2/12/2026,Satisfying,5:10 PM,3,
2/13/2026,Satisfying,9:30 AM,4,
2/14/2026,Satisfying,5:50 PM,3,
2/15/2026,Satisfying,11:36 AM,3,
2/15/2026,Felt like a lot but hard to come out,10:00 PM,2,
2/16/2026,Satisfying,10:45 AM,4,
2/17/2026,Satisfying,10:45 AM,4,
2/18/2026,Satisfying. A lot,9:38 AM,4,
2/18/2026,"Not satisfying, Pain, Little amount",5:30 PM,1,
2/19/2026,Satisfying,9:45 AM,4,
2/20/2026,Satisfying,10:30 AM,4,
2/21/2026,OK,11:00 AM,3,
2/21/2026,Satisfying,3:08 PM,4,
2/22/2026,Satisfying,2:00 PM,4,
2/23/2026,,,Nothing,
2/24/2026,"Long, Satisfying",9:30 AM,5,evening onwards farts. Spaghetti bol for dinner.
2/25/2026,"Long, Satisfying",3:00 PM,5,tiny tiny amount od blood on tissue when wiping. has a powerful initial exist
2/26/2026,,,Nothing,
2/27/2026,Powerful exit. Satisfying,9:35 AM,,Pains in the morning. Farts. 
2/28/2026,Satisfying,01:43 PM,4,farts throughout the day
3/1/2026,Satisfying,,4,
3/2/2026,Pebbles. Satisfying,01:00 PM,4,
3/3/2026,Satisfying,08:30 AM,4,As soon as I woke up
3/3/2026,A lot. Satisfying,05:05 PM,5,
3/4/2026,Satisfying,07:00 PM,4,
3/5/2026,Satisfying,04:50 PM,4,
3/6/2026,Satisfying,03:30 PM,4,
3/7/2026,Satisfying,10:15 AM,4,
3/8/2026,Satisfying,02:30 PM,5,
3/9/2026,"Long, Satisfying",03:10 PM,5,
3/10/2026,Satisfying,04:20 PM,4,
3/10/2026,Satisfying,08:15 PM,4,
3/11/2026,Satisfying,10:10 AM,4,
3/12/2026,Satisfying,10:30 AM,4,
3/12/2026,Little,05:00 PM,2,
3/13/2026,Effort. Decent amount,07:30 PM,3,
3/14/2026,"Not satisfying, Pain, Little amount",11:00 AM,1,
3/14/2026,OK,07:30 PM,2,
3/15/2026,,,Nothing,
3/16/2026,Powerful exit. OK,10:30 AM,3,
3/16/2026,Satisfying,04:00 PM,4,
3/17/2026,Satisfying. A lot,01:00 PM,5,
3/18/2026,Satisfying,05:30 PM,4,
3/19/2026,Satisfying,12:20 PM,4,
3/20/2026,OK,09:10 PM,4,
3/21/2026,Satisfying,04:30 PM,4,
3/22/2026,Satisfying,,4,
3/23/2026,Satisfying,6:16 PM,4,
3/24/2026,Satisfying,11:15 AM,4,
3/25/2026,Satisfying,,4,
3/26/2026,Satisfying,,5,
3/27/2026,Satisfying,2:00 PM,4,
3/28/2026,Satisfying,6:45 PM,4,
3/29/2026,Satisfying,11:45 AM,4,
3/30/2026,Satisfying,11:00 AM,4,
3/31/2026,Satisfying,10:30 AM,3,
4/1/2026,,,Nothing,
4/2/2026,Difficult exit,9:30 AM,2,
4/2/2026,Satisfying,01:30 PM,5,
4/3/2026,,,,
4/4/2026,Satisfying,6:00 PM,5,
4/5/2026,OK,11:00 AM,2,
4/5/2026,,2:10 PM,2,
4/6/2026,,,Nothing ??,
4/7/2026,Satisfying,10:20 AM,5,
4/8/2026,Satisfying,11:30 AM,4,
4/9/2026,Powerful exit. Satisfying,9:20 AM,5,
4/10/2026,Difficult exit,1:10 PM,2,
4/10/2026,OK,5:20 PM,3,
4/11/2026,Satisfying,2:15 PM,4,
4/12/2026,Satisfying,4:40 PM,4,two nose bleeds
4/12/2026,Satisfying. Lots of bits and bobs,7:40 AM,4,
4/13/2026,OK,10:00 AM,3,
4/14/2026,Satisfying,1:30 PM,5,
4/15/2026,Satisfying,3:50 PM,5,
4/16/2026,,,Nothing,
4/17/2026,Difficult exit,10:30 AM,2,
4/17/2026,Satisfying,4:50 PM,4,
4/18/2026,OK,9:40 AM,3,
4/18/2026,Satisfying,12:00 PM,4,
4/19/2026,Satisfying,12:45 PM,4,
4/19/2026,Satisfying,8:00 PM,4,
4/20/2026,Satisfying,10:30 AM,4,
4/21/2026,,,nothing,
4/22/2026,Difficult exit,10:00 AM,3,
4/23/2026,Satisfying,9:20 AM,4,
4/24/2026,Satisfying,1:00 PM,4,
4/25/2026,,,nothing,
4/26/2026,Satisfying,12:30 PM,4,
4/27/2026,Satisfying,10:50 AM,5,
4/28/2026,Satisfying,1:30 PM,5,
4/29/2026,Satisfying,4:40 PM,5,
4/30/2026,Satisfying,4:15 PM,4,
5/1/2026,Satisfying,9:30 AM,4,
5/1/2026,OK,8:35 PM,2,
5/2/2026,Satisfying,7:30 PM,4,
5/3/2026,,,nothing,
5/4/2026,Satisfying,10:40 AM,4,
5/4/2026,Satisfying,3:30 PM,5,
5/5/2026,Satisfying,5:15 PM,5,
5/6/2026,Satisfying,4:20 PM,4,
5/7/2026,Satisfying,8:20 PM,4,
5/8/2026,Satisfying,3:30 PM,5,
5/9/2026,Satisfying,4:30 PM,4,
5/10/2026,Satisfying,5:25 PM,4,
5/11/2026,Satisfying,9:45 AM,4,
5/11/2026,Satisfying,3:30 AM,4,
5/12/2026,Satisfying,9:40 AM,5,
5/13/2026,Satisfying,1:50 PM,4,
5/14/2026,Satisfying,9:30 AM,4,
5/15/2026,Satisfying,10:50 AM,4,
5/16/2026,Satisfying,11:30 AM,4,
5/17/2026,Satisfying,10:30 AM,4,
5/18/2026,Satisfying,10:30 AM,5,
5/19/2026,Satisfying,11:00 AM,4,
5/20/2026,Satisfying,2:10 PM,5,
5/21/2026,Satisfying,6:40 PM,4,
5/22/2026,Satisfying,1:10 PM,4,
5/23/2026,OK,10:30 AM,3,
5/24/2026,Satisfying,2:00 PM,5,
5/24/2026,Satisfying,11:00 PM,4,
5/25/2026,Satisfying,12:15 PM,3,
5/26/2026,,,nothing,
5/27/2026,Satisfying,2:30 PM,5,
5/28/2026,OK,2:50 PM,3,
5/28/2026,OK,5:30 PM,3,
5/29/2026,Satisfying,2:10 PM,5,
5/30/2026,Satisfying,10:45 PM,4,
5/31/2026,Satisfying,,4,
6/1/2026,,,4,
6/2/2026,Satisfying,8:30 PM,4,
6/3/2026,Satisfying,8:10 AM,4,
6/3/2026,Satisfying,10:40 AM,4,
6/4/2026,Satisfying,8:15 AM,4,
6/5/2026,Satisfying,7:40 AM,4,
6/6/2026,Satisfying,6:50 PM,4,
6/7/2026,Satisfying,1:00 PM,4,
6/8/2026,Satisfying,10:00 AM,5,
6/9/2026,Satisfying,11:30 AM,5,
6/10/2026,Satisfying,,4,
6/11/2026,Satisfying,10:45 AM,5,
6/12/2026,,,nothing,
6/13/2026,Satisfying,11:40 AM,4,
6/14/2026,Satisfying,2:10 PM,5,
6/15/2026,Satisfying,01:30 PM,3,
6/16/2026,Satisfying,11:40 AM,5,
6/17/2026,Satisfying,2:00 PM,4,
6/18/2026,Satisfying,10:45 AM,5,
6/19/2026,Satisfying,12:10 PM,5,
6/20/2026,Satisfying,12:10 PM,5,
6/21/2026,Satisfying,2:00 PM,5,
6/22/2026,Satisfying,11:15 AM,5,
6/23/2026,Satisfying,10:00 AM,5,
6/24/2026,Satisfying,11:55 AM,5,
6/24/2026,Satisfying,2:15 PM,4,
6/25/2026,Satisfying,7:30 PM,4,
6/26/2026,Satisfying,10:45 AM,4,
6/27/2026,Satisfying,11:50 PM,4,
6/28/2026,Satisfying,3:50 PM,4,
6/29/2026,,,,
6/30/2026,Difficult exit,10:50 PM,1,
7/1/2026,Satisfying,8:30 AM,4,
7/2/2026,Satisfying,9:45 PM,4,
7/3/2026,OK,2:00 PM,3,
7/4/2026,Satisfying,9:30 PM,4,
7/5/2026,Satisfying,1:50 PM,4,
7/6/2026,Satisfying,10:00 AM,5,
7/6/2026,Satisfying,3:00 PM,4,
7/7/2026,Satisfying,9:30 AM,4,
7/7/2026,Satisfying,1:40 PM,4,
7/8/2026,,,nothing,
7/9/2026,Satisfying,4:00 PM,4,
7/10/2026,Satisfying,10:30 AM,4,
7/11/2026,Satisfying,10:10 AM,4,
7/12/2026,Satisfying,1:00 PM,4,lots of dairy this week
7/13/2026,,,nothing,
7/14/2026,Satisfying,9:40 AM,3,bits
7/15/2026,Satisfying,8:20 AM,3,
7/15/2026,Satisfying,9:30 AM,3,"stringy, maybe the nervous shits due to final interview later today"
7/15/2026,Basic,,1,one tiny piece
7/16/2026,Satisfying,9:30 AM,4,
7/17/2036,Satisfying,10:10 AM,5,
7/18/2026,,,nothing,
7/19/2026,,3:00 PM,4,
7/20/2026,,8:30 PM,3,
7/21/2026,,12:10 PM,5,
7/22/2026,,,,
7/23/2026,Satisfying,5:00 PM,4,
7/24/2026,Satisfying,11:30 AM,5,
7/25/2026,Satisfying,12:20 PM,5,
7/26/2026,Satisfying,11:20 AM,5,
7/27/2026,Satisfying,1:45 PM,5,
7/28/2026,Satisfying,9:10 AM,4,
7/28/2026,Satisfying,11:15 AM,5,
7/28/2026,Satisfying,8:30 PM,4,
7/29/2026,Satisfying,11:30 AM,5,
7/30/2026,Satisfying,1:45 PM,5,
7/31/2026,,,nothing,
8/1/2026,Satisfying,9:10 AM,5,
8/2/2026,Satisfying,8:45 AM,4,
8/2/2026,Satisfying,1:50 PM,4,
8/3/2026,Satisfying,2:45 PM,5,
,,,,
,,,,
,,,,
,,,,
,,,,
,,,,
,,,,
,,,,
,,,,
,,,,
,,,,
,,,,
,,,,
,,,,
,,,,
,,,,
,,,,
,,,,
,,,,
,,,,
,,,,
,,,,
,,,,
,,,,
,,,,
,,,,
,,,,
,,,,
,,,,
,,,,
,,,,
,,,,
,,,,
,,,,
,,,,
,,,,
,,,,
,,,,
,,,,
,,,,
,,,,
,,,,
,,,,
,,,,
,,,,
,,,,
,,,,
,,,,
,,,,
,,,,
,,,,
,,,,
,,,,
,,,,
,,,,
,,,,
,,,,
,,,,
,,,,
,,,,
,,,,
,,,,
,,,,
,,,,
,,,,
,,,,
,,,,
,,,,
,,,,
,,,,
,,,,
,,,,
,,,,
,,,,
,,,,
,,,,
,,,,
,,,,
,,,,
,,,,
,,,,
,,,,
,,,,
,,,,
,,,,
,,,,
,,,,
,,,,
,,,,
,,,,
,,,,
,,,,
,,,,
,,,,
,,,,
,,,,
,,,,
,,,,
,,,,
,,,,
,,,,
,,,,
,,,,
,,,,
,,,,
,,,,
,,,,
,,,,
,,,,
,,,,
,,,,
,,,,
,,,,
,,,,
,,,,
,,,,
,,,,
,,,,
,,,,
,,,,
,,,,
,,,,
,,,,
,,,,
,,,,
,,,,
,,,,
,,,,
,,,,
,,,,
,,,,
,,,,
,,,,
,,,,
,,,,
,,,,
,,,,
,,,,
,,,,
,,,,
,,,,
,,,,
,,,,
,,,,
,,,,
,,,,
,,,,
,,,,
,,,,
,,,,
,,,,
,,,,
,,,,
,,,,
,,,,
,,,,
,,,,
,,,,
,,,,
,,,,
,,,,
,,,,
,,,,
,,,,
,,,,
,,,,
,,,,
,,,,
,,,,
,,,,
,,,,
,,,,
,,,,
,,,,
,,,,
,,,,
,,,,
,,,,
,,,,
,,,,
,,,,
,,,,
,,,,
,,,,
,,,,
,,,,
,,,,
,,,,
,,,,
,,,,
,,,,
,,,,
,,,,
,,,,
,,,,
,,,,
,,,,
,,,,
,,,,
,,,,
,,,,
,,,,
,,,,
,,,,
,,,,
,,,,
,,,,
,,,,
,,,,
,,,,
,,,,
,,,,
,,,,
,,,,
,,,,
,,,,
,,,,
,,,,
,,,,
,,,,
,,,,
,,,,
,,,,
,,,,
,,,,
,,,,
,,,,
,,,,
,,,,
,,,,
,,,,
,,,,
,,,,
,,,,
,,,,
,,,,
,,,,
,,,,
,,,,
,,,,
,,,,
,,,,
,,,,
,,,,
,,,,
,,,,
,,,,
,,,,
,,,,
,,,,
,,,,
,,,,
,,,,
,,,,
,,,,
,,,,
,,,,
,,,,
,,,,
,,,,
,,,,
,,,,
,,,,
,,,,
,,,,
,,,,
,,,,
,,,,
,,,,
,,,,
,,,,
,,,,
,,,,
,,,,
,,,,
,,,,
,,,,
,,,,
,,,,
,,,,
,,,,
,,,,
,,,,
,,,,
,,,,
,,,,
,,,,
,,,,
,,,,
,,,,
,,,,
,,,,
,,,,
,,,,
,,,,
,,,,
,,,,
,,,,
,,,,
,,,,
,,,,
,,,,
,,,,
,,,,
,,,,
,,,,
,,,,
,,,,
,,,,
,,,,
,,,,
,,,,
,,,,
,,,,
,,,,
,,,,
,,,,
,,,,
,,,,
,,,,
,,,,
,,,,
,,,,
,,,,
,,,,
,,,,
,,,,
,,,,
,,,,
,,,,
,,,,
,,,,
,,,,
,,,,
,,,,
,,,,
,,,,
,,,,
,,,,
,,,,
,,,,
,,,,
,,,,
,,,,
,,,,
,,,,
,,,,
,,,,
,,,,
,,,,
,,,,
,,,,
,,,,
,,,,
,,,,
,,,,
,,,,
,,,,
,,,,
,,,,
,,,,
,,,,
,,,,
,,,,
,,,,
,,,,
,,,,
,,,,
,,,,
,,,,
,,,,
,,,,
,,,,
,,,,
,,,,
,,,,
,,,,
,,,,
,,,,
,,,,
,,,,
,,,,
,,,,
,,,,
,,,,
,,,,
,,,,
,,,,
,,,,
,,,,
,,,,
,,,,
,,,,
,,,,
,,,,
,,,,
,,,,
,,,,
,,,,
,,,,
,,,,
,,,,
,,,,
,,,,
,,,,
,,,,
,,,,
,,,,
,,,,
,,,,
,,,,
,,,,
,,,,
,,,,
,,,,
,,,,
,,,,
,,,,
,,,,
,,,,
,,,,
,,,,
,,,,
,,,,
,,,,
,,,,
,,,,
,,,,
,,,,
,,,,
,,,,
,,,,
,,,,
,,,,
,,,,
,,,,
,,,,
,,,,
,,,,
,,,,
,,,,
,,,,
,,,,
,,,,
,,,,
,,,,
,,,,
,,,,
,,,,
,,,,
,,,,
,,,,
,,,,
,,,,
,,,,
,,,,
,,,,
,,,,
,,,,
,,,,
,,,,
,,,,
,,,,
,,,,
,,,,
,,,,
,,,,
,,,,
,,,,
,,,,
,,,,
,,,,
,,,,
,,,,
,,,,
,,,,
,,,,
,,,,
,,,,
,,,,
,,,,
,,,,
,,,,
,,,,
,,,,
,,,,
,,,,
,,,,
,,,,
,,,,
,,,,
,,,,
,,,,
,,,,
,,,,
,,,,
,,,,
,,,,
,,,,
,,,,
,,,,
,,,,
,,,,
,,,,
,,,,
,,,,
,,,,
,,,,
,,,,
,,,,
,,,,
,,,,
,,,,
,,,,
,,,,
,,,,
,,,,
,,,,
,,,,
,,,,
,,,,
,,,,
,,,,
,,,,
,,,,
,,,,
,,,,
,,,,
,,,,
,,,,
,,,,
,,,,
,,,,
,,,,
,,,,
,,,,
,,,,
,,,,
,,,,
,,,,
,,,,
,,,,
,,,,
,,,,
,,,,
,,,,
,,,,
,,,,
,,,,
,,,,
,,,,
,,,,
,,,,
,,,,
,,,,
,,,,
,,,,
,,,,
,,,,
,,,,
,,,,
,,,,
,,,,
,,,,
,,,,
,,,,
,,,,
,,,,
,,,,
,,,,
,,,,
,,,,
,,,,
,,,,
,,,,
,,,,
,,,,
,,,,
,,,,
,,,,
,,,,
,,,,
,,,,
,,,,
,,,,
,,,,
,,,,
,,,,
,,,,
,,,,
,,,,
,,,,
,,,,
,,,,
,,,,
,,,,
,,,,
,,,,
,,,,
,,,,
,,,,
,,,,
,,,,
,,,,
,,,,
,,,,
,,,,
,,,,
,,,,
,,,,
,,,,
,,,,
,,,,
,,,,
,,,,
,,,,
,,,,
,,,,
,,,,
,,,,
,,,,
,,,,
,,,,
,,,,
,,,,
,,,,
,,,,
,,,,
,,,,
,,,,
,,,,
,,,,
,,,,
,,,,
,,,,
,,,,
,,,,
,,,,
,,,,
,,,,
,,,,
,,,,
,,,,
,,,,
,,,,
,,,,
,,,,
,,,,
,,,,
,,,,
,,,,
,,,,
,,,,
,,,,
,,,,
,,,,
,,,,
,,,,
,,,,
,,,,
,,,,
,,,,
,,,,
,,,,
,,,,
,,,,
,,,,
,,,,
,,,,
,,,,
,,,,
,,,,
,,,,
,,,,
,,,,
,,,,
,,,,
,,,,
,,,,
,,,,
,,,,
,,,,
,,,,
,,,,
,,,,
,,,,
,,,,
,,,,
,,,,
,,,,
,,,,
,,,,
,,,,
,,,,
,,,,
,,,,
,,,,
,,,,
,,,,
,,,,
,,,,
,,,,
,,,,
,,,,
,,,,
,,,,
,,,,
,,,,
,,,,
,,,,
,,,,
,,,,
,,,,
,,,,
,,,,
,,,,
,,,,
,,,,
,,,,
,,,,
,,,,
,,,,
,,,,
,,,,
,,,,
,,,,
,,,,
,,,,
,,,,
,,,,
,,,,
,,,,
,,,,
,,,,
,,,,
,,,,
,,,,
,,,,
,,,,
,,,,
,,,,
,,,,
,,,,
,,,,
,,,,
,,,,
,,,,
,,,,
,,,,
,,,,
,,,,
,,,,
,,,,
,,,,
,,,,
,,,,
,,,,
,,,,
,,,,
,,,,
,,,,
,,,,
,,,,
,,,,
,,,,
,,,,
,,,,
,,,,
,,,,
,,,,
,,,,
,,,,
,,,,
,,,,
,,,,
,,,,
,,,,
,,,,
,,,,
,,,,
,,,,
,,,,
,,,,
,,,,
,,,,
,,,,
,,,,
,,,,
,,,,
,,,,
,,,,
,,,,
,,,,
,,,,